profile,split,prefix_ratio,concurrency,isl,osl,turns,mean_ttft_ms,p99_ttft_ms,mean_itl_ms,p99_itl_ms,std_itl_ms,mean_e2e_latency_ms,p99_e2e_latency_ms,output_throughput_tok_s,request_throughput_rps,prefix_cache_reused_ratio,completed_requests,wall_time_ms
chat,agg_4w,0.2,8,512,256,3,34.223857666665666,36.229899,5.80256001177099,5.812476999999944,0.0073513770267502705,1513.8766606666536,1515.8827019999967,1352.8182666467417,5.284446354088835,0.24833333333333332,600,85.877208
chat,agg_4w,0.2,32,512,256,3,72.6067142933342,75.304043,5.967891846439377,6.009669000000031,0.031050251174023418,1594.4191351332308,1597.6856059999984,5071.433745395062,19.81028806794946,0.24833333333333332,600,52.141667000000005
chat,agg_4w,0.2,128,512,256,3,149.70519346666683,270.309117,7.012001910585093,6.791533999999956,7.052617681932927,1937.7656806666644,2103.749937999995,15801.797931675566,61.72577317060768,0.24833333333333332,600,79.817125
chat,agg_4w,0.6,8,512,256,3,28.236927013330583,33.175466,5.792680254894697,5.802599000002374,0.007352829239159717,1505.3703920134662,1510.3089310000078,1360.4625219583072,5.3143067263996375,0.6208333333333333,600,71.852
chat,agg_4w,0.6,32,512,256,3,46.68407572000025,51.967633,5.8996914616557286,5.940730000000258,0.029945440162989508,1551.1053984399466,1556.757463000001,5212.573159906349,20.361613905884177,0.6208333333333333,600,50.204833
chat,agg_4w,0.6,128,512,256,3,87.87611794666707,138.309867,6.483991989544835,6.489872000000105,3.3873806208754136,1741.2940752800203,1759.0450529999873,17318.201778823648,67.64922569852988,0.6208333333333333,600,45.330917
chat,agg_4w,0.9,8,512,256,3,24.313925146663436,31.156419999999997,5.78609299998834,5.79601300000013,0.0073536095535434885,1499.7676401466006,1506.6101349999963,1365.544865203112,5.3341596296996565,0.8691666666666666,600,110.190292
chat,agg_4w,0.9,32,512,256,3,30.47278583999974,37.254941,5.8541783165516454,5.894724000001588,0.029466729732355555,1523.2882565600535,1530.304920999999,5307.441896339847,20.732194907577526,0.8691666666666666,600,46.451791
chat,agg_4w,0.9,128,512,256,3,43.96142761333276,62.890533999999995,6.202037779976359,6.287843000000066,1.6716885132036667,1625.481061506677,1636.1829740000212,18425.293371569413,71.97380223269302,0.8691666666666666,600,44.429666
chat,3p_1d,0.2,8,512,256,3,29.96775942166688,46.7366449999995,5.967756661242502,6.009669000006397,0.03087677465070261,1551.745708036931,1568.6518560000072,1319.4802386135993,5.154219682084372,0.24958333333333332,600,160.637875
chat,3p_1d,0.2,32,512,256,3,46.283702360001676,101.731331,6.612607538246792,6.791533999999956,0.12311878481329257,1732.498624613352,1793.2686819999947,4661.536077966694,18.2091253045574,0.24958333333333332,600,127.663875
chat,3p_1d,0.2,128,512,256,3,129.28983126666688,364.4510279999999,8.965077141691852,9.808528000000024,0.5889750989973117,2415.384502398334,2690.7853850000038,12747.329264533957,49.79425493958577,0.24958333333333332,600,85.009792
chat,3p_1d,0.6,8,512,256,3,29.42493866999875,39.017566,5.899965702455604,5.940730000002077,0.029831422020152033,1533.9161927933515,1543.7811150000011,1334.9665979278518,5.214713273155671,0.6239583333333333,600,84.305916
chat,3p_1d,0.6,32,512,256,3,39.99924199000173,66.36127900000042,6.319786055930004,6.489872000000105,0.11238152663273465,1651.5446862516185,1680.5787639999992,4878.732888752979,19.057550346691325,0.6239583333333333,600,76.31575000000001
chat,3p_1d,0.6,128,512,256,3,89.17993665833387,189.411059,7.8822973767909685,8.632312000000184,0.47871315746682347,2099.1657677400062,2233.9799569999973,14419.247230262266,56.32518449321198,0.6239583333333333,600,63.486833000000004
chat,3p_1d,0.9,8,512,256,3,26.322077534998655,40.53255799999988,5.8539465220149385,5.894724000001588,0.023810482721628473,1519.0784406500027,1533.4608839999655,1345.1209777608765,5.254378819378424,0.8735416666666667,600,79.063833
chat,3p_1d,0.9,32,512,256,3,29.910225346666156,48.29449500000055,6.122351364445193,6.287843000000066,0.1102754279545804,1591.1098232783486,1611.2123070000166,5072.713825400618,19.815288380471163,0.8735416666666667,600,64.555666
chat,3p_1d,0.9,128,512,256,3,49.32301561999973,80.72839499999999,7.12937573853779,7.83270100000027,0.42540865091909613,1867.3138289466858,1920.4632369999981,16114.78998663904,62.94839838530875,0.8735416666666667,600,80.685167
chat,2p_2d,0.2,8,512,256,3,46.67030127999878,48.75801,5.858470603914221,5.878284000005806,0.014688247988926454,1540.5803052800388,1542.6680139999978,1329.3691948292992,5.19284841730195,0.24958333333333332,600,84.224459
chat,2p_2d,0.2,32,512,256,3,130.66799266666624,134.355341,6.188305735067983,6.271518000001379,0.06185837789158949,1708.6859551067846,1713.507567000005,4733.303619676435,18.489467264361075,0.24958333333333332,600,72.448709
chat,2p_2d,0.2,128,512,256,3,195.44470473666723,518.6314679999999,7.332624966417105,7.816837000000305,0.33239660012939026,2065.2640711733434,2413.057839999998,14825.71095735539,57.91293342716949,0.24958333333333332,600,75.211292
chat,2p_2d,0.6,8,512,256,3,34.27474654666713,39.315371,5.828856313733713,5.848680000002787,0.01469595076073601,1520.6331065466188,1525.6737310000065,1346.8074522269333,5.260966610261458,0.6239583333333333,600,106.76508299999999
chat,2p_2d,0.6,32,512,256,3,72.8004712666664,78.761966,6.04252329694909,6.124379000000772,0.05973908910213484,1613.6439119867214,1620.3406910000053,5011.17057470754,19.57488505745133,0.6239583333333333,600,63.516458
chat,2p_2d,0.6,128,512,256,3,152.80799139999903,270.11430800000016,6.808346985594667,7.21364100000028,0.27470871353427495,1888.9364727266645,2022.3848100000023,16050.647668242242,62.69784245407126,0.6239583333333333,600,60.237917
chat,2p_2d,0.9,8,512,256,3,26.285330933330425,33.175466,5.809105035290469,5.828936000005342,0.01470119611127407,1507.6071149335125,1514.4972500000088,1358.4441063680617,5.306422290500241,0.8735416666666667,600,69.637625
chat,2p_2d,0.9,32,512,256,3,38.53064080000007,45.579426000000005,5.9451233273782975,6.026069999999891,0.05883796064766874,1554.537089280007,1562.0541559999936,5201.082157429764,20.316727177460017,0.8735416666666667,600,80.265792
chat,2p_2d,0.9,128,512,256,3,67.20744205333445,100.161299,6.449631038849993,6.807705000000169,0.2203272549784975,1711.8633569600106,1756.300345999999,17538.39136371081,68.50934126449535,0.8735416666666667,600,79.054126
chat,1p_3d,0.2,8,512,256,3,32.39881368833235,77.54685899998731,5.822629809561438,5.845390000002226,0.015756799380581516,1517.1694151266704,1564.2346149999894,1348.2750875110794,5.266699560590154,0.24958333333333332,600,105.488833
chat,1p_3d,0.2,32,512,256,3,61.990055506667076,264.13839299999995,6.0351452263212195,6.108005999999932,0.039288689676926225,1600.9520882183406,1805.6462899999942,5021.37025351466,19.614727552791642,0.24958333333333332,600,82.329834
chat,1p_3d,0.2,128,512,256,3,215.17364861000064,1026.2589580000006,6.805683648391757,7.030381000000034,0.19055681653096318,1950.6229789500105,2775.6167750000013,15499.075786074609,60.54326478935394,0.24958333333333332,600,69.02825
chat,1p_3d,0.6,8,512,256,3,30.099733570021606,58.10839900000519,5.805699488672601,5.825644000000466,0.012601541270870596,1510.5531031832206,1539.8426119999872,1354.6453498603028,5.291583397891808,0.6239583333333333,600,96.72254199999999
chat,1p_3d,0.6,32,512,256,3,52.413022213332816,141.4068810000024,5.943972042799936,6.009669000000031,0.036011193111476075,1568.125893126659,1659.4692480000272,5129.904470375935,20.038689337405994,0.6239583333333333,600,105.727958
chat,1p_3d,0.6,128,512,256,3,152.61966547833293,519.247234999999,6.453207014064765,6.691164000000072,0.15432991511468486,1798.187454065003,2176.508035000002,16929.171205465835,66.12957502135092,0.6239583333333333,600,81.71054099999999
chat,1p_3d,0.9,8,512,256,3,29.2294073599941,44.36571899999694,5.794359518029451,5.812476999999944,0.011011742044677069,1506.7910844565852,1522.069114,1358.3143099515828,5.30591527324837,0.8735416666666667,600,99.87937500000001
chat,1p_3d,0.9,32,512,256,3,40.616562589999525,69.78414299998894,5.882913262137143,5.944015000000945,0.036554954189151556,1540.759444434986,1571.4624899999922,5229.1993699248615,20.42656003876899,0.8735416666666667,600,156.540751
chat,1p_3d,0.9,128,512,256,3,78.57349882333374,190.06211699999994,6.216742715471514,6.467098999999962,0.14129998345497255,1663.8428912683364,1783.5234200000016,18135.075377087807,70.84013819174925,0.8735416666666667,600,83.986541
rag,agg_4w,0.2,8,4096,512,1,140.3774114400018,157.17471,6.147245923685972,6.170196999999462,0.01497776852496097,3281.620078440485,3298.417376999997,1248.1639867179706,2.4378202865585363,0.1990625,200,71.446125
rag,agg_4w,0.2,32,4096,512,1,186.3075721799999,589.102412,7.890174408569832,7.316251000000193,9.727661436069607,4218.186694959961,4717.769747000019,3566.0320255898528,6.964906299980181,0.1990625,200,55.535084
rag,agg_4w,0.2,128,4096,512,1,887.1774265350002,2307.257064,13.077416179744056,177.8263179999999,20.010496720495606,7569.73709438501,9309.535375000038,7318.306399139714,14.293567185819754,0.1990625,200,48.875917
rag,agg_4w,0.6,8,4096,512,1,79.57986803999886,123.96167700000001,6.065367731899948,6.088352999999188,0.014999915109294522,3178.982779039957,3223.3645879999935,1288.4624688772199,2.51652825952582,0.581875,200,53.272875
rag,agg_4w,0.6,32,4096,512,1,147.90635465999995,337.09428,6.927862464106484,6.7527030000001105,5.583432682308275,3688.044073819975,3844.0427720000152,4034.0486932248414,7.879001353954768,0.581875,200,38.213708
rag,agg_4w,0.6,128,4096,512,1,525.9782479600003,1200.228592,9.736951100932844,9.330294000000322,13.851826867823734,5501.560260540034,6421.183899000042,9927.159965924651,19.388984308446584,0.581875,200,35.149583
rag,agg_4w,0.9,8,4096,512,1,36.96339224000192,98.943134,5.999778929550379,6.022791000003053,0.015017294676554526,3102.850425240006,3164.830167000009,1320.076522761542,2.578274458518637,0.888125,200,43.794542
rag,agg_4w,0.9,32,4096,512,1,83.1354669999996,144.96971800000003,6.197712225516179,6.29763500000081,0.07127388742518007,3250.166414240048,3316.2149949999953,4523.219723859493,8.834413523163072,0.888125,200,30.734834
rag,agg_4w,0.9,128,4096,512,1,190.30278085000128,394.749418,7.248695095780286,7.562351999999919,4.089380814784063,3894.3859747949937,4137.24054799998,13207.84083595042,25.796564132715663,0.888125,200,28.506415999999998
rag,3p_1d,0.2,8,4096,512,1,87.03114163000852,182.76012500000002,7.206020050145618,7.316251000000193,0.11174467413490237,3769.307387254933,3870.996502000032,1085.6742058414775,2.1204574332841357,0.202109375,200,80.412792
rag,3p_1d,0.2,32,4096,512,1,171.50187604000013,775.9956180000013,11.076850596608661,11.613204000001133,0.8385938739910072,5831.772530904971,6515.6805959999865,2620.5761818799256,5.11831285523423,0.202109375,200,80.77574999999999
rag,3p_1d,0.2,128,4096,512,1,1087.5040559600018,2954.946638000002,21.335523487985846,24.80992200000037,3.9265000457983503,11989.95655832003,15204.164231999983,4541.671597111693,8.870452338108775,0.202109375,200,100.977541
rag,3p_1d,0.6,8,4096,512,1,56.59444720500213,160.63460299999994,6.654244412219332,6.7527030000055674,0.07042717933301257,3456.913341849917,3563.701414000011,1183.8818368456427,2.312269212589146,0.59078125,200,65.542708
rag,3p_1d,0.6,32,4096,512,1,126.95877121000024,469.9649160000003,8.848987580332022,9.314888000000792,0.505346582537294,4648.791424759989,5035.216659999993,3255.6425702142446,6.358676894949697,0.59078125,200,94.047958
rag,3p_1d,0.6,128,4096,512,1,630.5564169449995,1566.8837049999993,15.321760047386382,18.072712999999567,2.467175212998782,8459.975801160004,10266.149407999992,6371.644678666467,12.444618513020444,0.59078125,200,54.123959
rag,3p_1d,0.9,8,4096,512,1,35.023691804999885,111.01489099999999,6.204376843432663,6.297635000002629,0.05938913710329909,3205.4602588000207,3282.1687959999945,1276.987003548804,2.494115241306258,0.90171875,200,54.667208
rag,3p_1d,0.9,32,4096,512,1,72.28731194499964,205.6663029999999,6.982364607033616,7.383482000001095,0.27843174167530826,3640.27562614007,3790.0132589999976,4079.1390420981147,7.96706844159788,0.90171875,200,47.703833
rag,3p_1d,0.9,128,4096,512,1,218.57669034000025,458.0277819999998,9.466081048503902,11.510360999999648,1.1422389465751615,5055.744106125011,5632.410623999993,10455.610935044355,20.421115107508506,0.90171875,200,45.110708
rag,2p_2d,0.2,8,4096,512,1,145.4905649400042,298.0973669999999,6.494081059685991,6.554885000005015,0.07780981231828756,3463.9659864399464,3617.55967400001,1181.5336195955294,2.3076828507725184,0.202109375,200,80.043291
rag,2p_2d,0.2,32,4096,512,1,234.70641464000312,1113.2992439999985,8.460367515108754,8.763338999999178,0.4427898722959868,4557.954214860033,5485.117006000009,3330.8984379009803,6.505661011525352,0.202109375,200,74.350251
rag,2p_2d,0.2,128,4096,512,1,1537.535083670001,4426.043208000003,14.151529747650521,16.37513299999955,2.553673945668467,8768.966784719993,12454.009073999985,6259.009075705097,12.224627100986517,0.202109375,200,94.12066700000001
rag,2p_2d,0.6,8,4096,512,1,112.36645349999628,175.258023,6.262705426574549,6.310689000005368,0.03684741627561381,3312.6089264801744,3376.145481999972,1235.9524428351922,2.4139696149124847,0.59078125,200,71.737333
rag,2p_2d,0.6,32,4096,512,1,187.229845280002,645.8495700000001,7.358385905910498,7.600603000000774,0.27084564122639865,3947.3650432000477,4429.667513999994,3786.093239243599,7.394713357897654,0.59078125,200,61.253750000000004
rag,2p_2d,0.6,128,4096,512,1,859.1301959150001,2334.333548000002,10.76064037034346,12.248478999999861,1.4016789116912691,6357.81742516,8296.56657000001,8474.312302445767,16.55139121571439,0.59078125,200,55.744292
rag,2p_2d,0.9,8,4096,512,1,49.50461843999987,113.788725,6.068594356163665,6.114556000000448,0.029997914434316805,3150.556334439894,3214.8404409999957,1300.0878464622615,2.5392340751216045,0.90171875,200,63.36770799999999
rag,2p_2d,0.9,32,4096,512,1,77.78155459000071,233.44938900000002,6.45778552402153,6.6619900000005146,0.1397969463522673,3377.7099573650457,3542.130014,4375.801066048203,8.546486457125397,0.90171875,200,101.91341700000001
rag,2p_2d,0.9,128,4096,512,1,276.94604758000037,605.0821629999995,7.718555204245374,8.738406999999825,0.5824055172179309,4221.12775695,4725.814803,12446.699678165742,24.309960308917464,0.90171875,200,107.939167
rag,1p_3d,0.2,8,4096,512,1,109.33761106504096,517.097993,6.272379012487337,6.362874999998894,0.08915729958808688,3314.523286445106,3737.2928219999967,1229.1297432675713,2.400644029819475,0.202109375,200,222.62045899999998
rag,1p_3d,0.2,32,4096,512,1,291.4912965550003,2181.4884849999958,7.580615368553767,7.810489999999845,0.2866515365918464,4165.185749885,6102.911542999987,3649.56049974868,7.12804785107164,0.202109375,200,140.214291
rag,1p_3d,0.2,128,4096,512,1,4312.277699874996,8637.789620999994,9.47089264177315,10.354538999999932,0.9605940866206566,9151.903839819986,13843.350113999977,5764.050169906088,11.257910488097828,0.202109375,200,117.062583
rag,1p_3d,0.6,8,4096,512,1,69.13549455498138,336.01244899999995,6.136500998124476,6.199632000003476,0.049979916020231815,3204.8875045951318,3484.052712999983,1274.9382172135777,2.490113705495269,0.59078125,200,126.77187500000001
rag,1p_3d,0.6,32,4096,512,1,195.36656411999917,1159.269879,6.867065906907071,7.040041000000201,0.1700746459033928,3704.437242549971,4691.469544000001,4059.353899813688,7.928425585573609,0.59078125,200,107.92254199999999
rag,1p_3d,0.6,128,4096,512,1,1588.9186044050014,4410.0464290000045,9.014164519577768,10.027678000000378,1.0109549589744713,6195.156673909995,9329.282923999996,8793.93983272403,17.175663735789122,0.59078125,200,120.85583299999999
rag,1p_3d,0.9,8,4096,512,1,39.5593747200055,144.87134600000002,6.024988191450027,6.068692000000738,0.025179583867409813,3118.3283405499037,3228.346269999995,1311.6459403551064,2.561808477256067,0.90171875,200,118.21654199999999
rag,1p_3d,0.9,32,4096,512,1,95.02711433999892,353.1425150000002,6.282101311751525,6.434549999999945,0.0922313325248902,3305.180884645009,3574.5701289999934,4469.0874726524435,8.728686470024304,0.90171875,200,62.361917000000005
rag,1p_3d,0.9,128,4096,512,1,440.74717933,1117.1216089999996,7.116515008660049,7.74379799999997,0.3799440649818179,4077.2863487550057,4876.962697000014,12847.826599822201,25.093411327777737,0.90171875,200,76.08375000000001
agentic,agg_4w,0.2,8,8000,128,4,138.44757717499834,137.40291700000125,7.512095517513506,6.489872000005562,11.540524644643089,1092.4837079001081,1092.1133220003685,937.2873368171546,7.32255731888402,0.199,800,550.161875
agentic,agg_4w,0.2,32,8000,128,4,165.1068273800004,880.4165840000001,15.469836921336372,139.35468799999944,29.638853392640883,2129.77611639002,2721.525561000008,1922.3453332743625,15.018322916205957,0.199,800,368.329041
agentic,agg_4w,0.2,128,8000,128,4,593.2185239499994,4309.373629000001,44.08351528397458,183.91836400000102,60.17847322074449,6191.824965014982,10202.559560999996,2595.472852605612,20.277131660981343,0.199,800,329.975417
agentic,agg_4w,0.6,8,8000,128,4,77.07559170500215,75.71993500000099,6.867255466566649,6.327003000000332,6.116775701084543,949.2170359598546,948.2246470000125,1078.7488544047817,8.427725425037357,0.597,800,173.027
agentic,agg_4w,0.6,32,8000,128,4,139.89645805999947,527.109233,10.499336444817077,138.23259899999903,18.83802467614365,1473.3121865500057,1776.6603690000074,2779.1565719802993,21.71216071859609,0.597,800,281.447542
agentic,agg_4w,0.6,128,8000,128,4,377.9903357562499,2258.258485,24.973332822148397,179.56089599999905,43.6469848324124,3549.6036041662383,5530.7457899999945,4446.327539034639,34.736933898708116,0.597,800,198.91745899999998
agentic,agg_4w,0.9,8,8000,128,4,36.17016281500218,34.606979000003776,6.422033664291058,6.2029010000005655,2.5031570891181443,851.7684381799658,850.3609880000713,1202.1612270506243,9.391884586333003,0.89948,800,104.697041
agentic,agg_4w,0.9,32,8000,128,4,49.68643023250022,259.176867,7.765317466677523,34.88097000000198,6.28549274845097,1035.8817485000052,1196.4148389999998,3947.8534651526465,30.84260519650505,0.89948,800,109.617833
agentic,agg_4w,0.9,128,8000,128,4,143.0267011562499,699.151624,11.114919610030121,88.47712000000001,14.907578470258576,1554.6214916300003,2127.3350640000026,9905.628055163832,77.38771918096744,0.89948,800,109.871916
agentic,3p_1d,0.2,8,8000,128,4,146.58868159249755,238.23129899998094,8.187123582300591,8.44454300000507,0.36905766259502304,1186.3533765450231,1269.4619829999992,861.9707003058868,6.734146096139741,0.19975,800,628.098625
agentic,3p_1d,0.2,32,8000,128,4,180.26612315499762,1228.0583510000001,14.816513789843997,15.5102650000008,0.773426439341474,2061.963374465,3089.0916299999985,1963.9624266889214,15.343456458507198,0.19975,800,606.302125
agentic,3p_1d,0.2,128,8000,128,4,2699.4100149975075,5493.998323000003,23.630928513690662,25.322831000001315,2.6946686222596377,5700.5379362362755,8434.647700999994,2727.7926731806106,21.31088025922352,0.19975,800,665.315667
agentic,3p_1d,0.6,8,8000,128,4,84.80016871499033,143.63687500000015,7.245469048864022,7.335469000001467,0.15971823412618344,1004.9747379200033,1063.0936520000073,1017.7157809040241,7.950904538312688,0.59925,800,381.603125
agentic,3p_1d,0.6,32,8000,128,4,109.57288326750067,713.0517950000003,10.83598140932329,11.153009000001475,0.38585675427363597,1485.7425222512652,2078.760057999998,2730.1615037915276,21.32938674837131,0.59925,800,493.536916
agentic,3p_1d,0.6,128,8000,128,4,469.59392136375027,2923.526188,21.595641686661192,23.2488400000002,2.8335028639877153,3212.2404155700083,5644.952182000001,4897.028492321469,38.25803509626147,0.59925,800,402.119125
agentic,3p_1d,0.9,8,8000,128,4,39.93399807749785,57.40907299999935,6.4543602886815865,6.476860000002489,0.03240084733716853,859.6377547399193,876.805644000015,1190.5292299957089,9.301009609341476,0.90287,800,253.72079199999996
agentic,3p_1d,0.9,32,8000,128,4,61.44674540374954,340.139712,7.4490809248400875,7.559162999999899,0.11961201853327892,1007.4800228587728,1286.7781049999983,4038.88218516632,31.553767071611876,0.90287,800,308.819626
agentic,3p_1d,0.9,128,8000,128,4,148.77646791374988,843.1693300000003,11.075955563269087,11.589718000000175,0.7764233343235347,1555.4228244487504,2272.504578,9931.506885585697,77.58989754363826,0.90287,800,220.370542
agentic,2p_2d,0.2,8,8000,128,4,145.97349222000025,175.287483,6.988707067483931,7.146197000001848,0.1691393093964073,1033.5392897899644,1035.5173469999988,988.6672803895859,7.72396312804364,0.1995,800,568.4936670000001
agentic,2p_2d,0.2,32,8000,128,4,1042.0902107999927,1707.518253999998,8.50202628531414,8.753990999997768,0.28039219296744683,2121.8475490337287,2778.4224110000023,1897.9455101426338,14.827699297989327,0.1995,800,709.905917
agentic,2p_2d,0.2,128,8000,128,4,6904.635377132487,8129.443984000082,8.502026285314036,8.753990999997768,0.28039219296746004,7984.39271536622,9216.169927000012,1897.9455101426338,14.827699297989327,0.1995,800,736.8216669999999
agentic,2p_2d,0.6,8,8000,128,4,138.9288219974931,175.287483,6.609357131377492,6.665231999999378,0.11720339194371233,978.3171776825243,1006.3578889999966,1043.958474789306,8.155925584291452,0.5985,800,412.774417
agentic,2p_2d,0.6,32,8000,128,4,166.2842799974951,1025.7053979999998,8.314605781608401,8.629188000000795,0.22331836623564938,1222.2392142624462,2080.5180249999985,3303.4199356539066,25.807968247296145,0.5985,800,422.982333
agentic,2p_2d,0.6,128,8000,128,4,2991.9015785475426,4243.329413000004,8.753432814096929,8.953037000000222,0.31446992494784254,4103.587545937557,5363.354935000002,3715.0300265946403,29.023672082770627,0.5985,800,333.954667
agentic,2p_2d,0.9,8,8000,128,4,60.24025660500157,61.688773000001675,6.284693405226494,6.2943710000035935,0.01755821898200111,858.3963190674992,860.0030839999781,1190.0727410960096,9.297443289812575,0.90174,800,256.74016700000004
agentic,2p_2d,0.9,32,8000,128,4,99.96934680500384,417.56433900000013,6.765674360767471,6.840033000000403,0.09499444506544033,959.2099906225151,1277.4437050000006,4246.877935120611,33.178733868129775,0.90174,800,215.452708
agentic,2p_2d,0.9,128,8000,128,4,194.0468077424997,1148.9267519999999,8.548473637923816,8.8162769999999,0.39103014744468645,1279.7029597587502,2249.4177609999997,12060.740693784997,94.22453667019529,0.90174,800,224.830292
agentic,1p_3d,0.2,8,8000,128,4,216.6806578162813,342.13482000000135,6.578812250130909,6.820638999997755,0.18604815508076383,1052.1898135838937,1150.2450810000012,969.1361106228289,7.571375864240851,0.19975,800,729.047501
agentic,1p_3d,0.2,32,8000,128,4,3348.381705644967,3437.550718999987,6.5863502852108,6.820638999999574,0.1960817852213213,4184.848191867558,4286.391081000015,960.969351821402,7.507573061104703,0.19975,800,591.409333
agentic,1p_3d,0.2,128,8000,128,4,14888.607614498893,16114.298933999922,6.587132065348353,6.820638999997755,0.19267748855230107,15725.173386798982,16965.183105000287,960.7755985950473,7.506059364023807,0.19975,800,583.509959
agentic,1p_3d,0.6,8,8000,128,4,83.17233551875637,206.91866000000118,6.4212206510279035,6.496377000003122,0.09111966829323767,898.6673581988404,1025.9983470000045,1134.8159590273838,8.865749679901436,0.59925,800,410.29474999999996
agentic,1p_3d,0.6,32,8000,128,4,1258.6935270700462,1702.904952999996,6.742436185473705,6.998164999997243,0.14366335662538537,2114.98292262508,2558.912558999995,1903.349328145386,14.869916626135828,0.59925,800,385.098208
agentic,1p_3d,0.6,128,8000,128,4,7097.26862902031,8128.972723999971,6.744002932029081,6.994943000001513,0.1474647769839199,7953.7570013878585,8988.93844899996,1902.1343180332483,14.860424359634752,0.59925,800,332.123542
agentic,1p_3d,0.9,8,8000,128,4,41.01126537999808,99.94173000000069,6.229210005954485,6.248655000003055,0.0217807228341702,832.1209361363415,892.3805260000042,1228.0634185059519,9.594245457077749,0.90287,800,316.648667
agentic,1p_3d,0.9,32,8000,128,4,75.14841461125052,580.1472240000003,6.551119039666011,6.603595000000041,0.04466184914566302,907.1405326487517,1409.520853,4430.839241394962,34.61593157339814,0.90287,800,269.21050099999997
agentic,1p_3d,0.9,128,8000,128,4,1176.000098190002,2122.7712020000035,6.910591053001821,7.078667000000223,0.12020363134263051,2053.6451619212485,2994.632512000014,7452.196540945305,58.220285476135196,0.90287,800,191.013958
